customer_id,gender,age,tenure,monthly_charges,total_charges,contract_type,internet_service,tech_support,churn_status
1,Male,49,4,88.35,353.4,Month-to-Month,Fiber Optic,Yes,1
2,Male,43,0,36.67,0,Month-to-Month,Fiber Optic,Yes,1
3,Female,51,2,63.79,127.58,Month-to-Month,Fiber Optic,No,1
4,Female,60,8,102.34,818.72,One-Year,DSL,Yes,1
5,Male,42,32,69.01,2208.32,Month-to-Month,None,No,1
6,Female,42,16,119.75,1916,Two-Year,DSL,Yes,1
7,Male,60,14,80.32,1124.48,One-Year,None,No,1
8,Female,52,6,58.9,353.4,One-Year,None,No,1
9,Female,40,53,49.81,2639.9300000000003,Two-Year,Fiber Optic,Yes,0
10,Female,50,10,61.55,615.5,Month-to-Month,Fiber Optic,Yes,1
11,Female,40,1,63.53,63.53,Month-to-Month,Fiber Optic,Yes,1
12,Female,40,19,36.18,687.42,One-Year,Fiber Optic,Yes,0
13,Male,47,2,63.26,126.52,Two-Year,None,No,1
14,Female,25,8,71.78,574.24,One-Year,None,No,1
15,Male,27,14,95.05,1330.7,Month-to-Month,Fiber Optic,Yes,1
16,Female,39,41,89.11,3653.5099999999998,Two-Year,Fiber Optic,Yes,0
17,Female,34,13,93.79,1219.27,Month-to-Month,None,No,1
18,Female,48,24,30.75,738,Two-Year,None,No,1
19,Male,35,98,49.59,4859.820000000001,Two-Year,Fiber Optic,Yes,0
20,Female,30,2,89.55,179.1,Month-to-Month,Fiber Optic,No,1
21,Female,59,6,73.56,441.36,One-Year,DSL,No,1
22,Female,42,10,30.48,304.8,Month-to-Month,None,No,1
23,Male,45,10,102.4,1024,Month-to-Month,DSL,Yes,1
24,Male,30,10,99.55,995.5,One-Year,Fiber Optic,Yes,1
25,Male,39,47,79.36,3729.92,One-Year,DSL,Yes,0
26,Male,46,25,35.98,899.4999999999999,Two-Year,DSL,Yes,0
27,Female,33,18,98.99,1781.82,One-Year,Fiber Optic,Yes,0
28,Male,48,7,82.53,577.71,Month-to-Month,None,No,1
29,Female,38,34,100.38,3412.92,Two-Year,DSL,Yes,1
30,Male,42,62,97.66,6054.92,Two-Year,Fiber Optic,Yes,0
31,Male,38,34,102.27,3477.18,Month-to-Month,DSL,No,1
32,Female,63,0,76.62,0,Two-Year,DSL,Yes,1
33,Female,44,20,42.63,852.6,Month-to-Month,Fiber Optic,Yes,1
34,Female,34,1,90.4,90.4,Two-Year,Fiber Optic,Yes,1
35,Female,53,5,85.84,429.20000000000005,Month-to-Month,DSL,Yes,1
36,Female,32,1,96.8,96.8,Month-to-Month,Fiber Optic,No,1
37,Male,47,18,45.29,815.22,Month-to-Month,DSL,Yes,1
38,Female,25,23,47.55,1093.6499999999999,One-Year,Fiber Optic,Yes,0
39,Female,31,2,110.14,220.28,Month-to-Month,None,No,1
40,Female,46,9,97.5,877.5,Month-to-Month,None,No,1
41,Male,52,12,111.74,1340.8799999999999,One-Year,Fiber Optic,Yes,1
42,Female,46,9,98.28,884.52,Two-Year,Fiber Optic,Yes,1
43,Male,43,2,83.74,167.48,Month-to-Month,None,No,1
44,Male,41,10,88.87,888.7,Month-to-Month,DSL,Yes,1
45,Male,30,27,110.02,2970.54,Month-to-Month,None,No,1
46,Male,37,1,82.09,82.09,Month-to-Month,None,No,1
47,Female,40,1,86.92,86.92,Two-Year,DSL,Yes,1
48,Female,55,8,44.08,352.64,Two-Year,DSL,No,1
49,Female,48,56,72.65,4068.4000000000005,One-Year,None,No,1
50,Male,27,22,94.48,2078.56,Month-to-Month,Fiber Optic,Yes,1
51,Male,48,22,54.38,1196.3600000000001,One-Year,DSL,Yes,0
52,Male,41,8,48.2,385.6,One-Year,DSL,No,1
53,Female,38,18,58.24,1048.32,Two-Year,Fiber Optic,Yes,0
54,Male,51,0,51.74,0,One-Year,Fiber Optic,No,1
55,Female,55,20,49.34,986.8000000000001,One-Year,None,No,1
56,Female,54,48,68.24,3275.5199999999995,One-Year,None,No,1
57,Male,36,18,111.71,2010.78,Month-to-Month,DSL,Yes,1
58,Female,41,41,75.64,3101.2400000000002,Two-Year,Fiber Optic,Yes,0
59,Female,48,25,46.91,1172.75,One-Year,Fiber Optic,No,1
60,Female,54,2,36.93,73.86,One-Year,Fiber Optic,No,1
61,Female,40,46,92.65,4261.9000000000015,Month-to-Month,DSL,Yes,1
62,Male,43,1,64.45,64.45,One-Year,None,No,1
63,Male,33,15,103.96,1559.3999999999999,One-Year,None,No,1
64,Female,33,3,89.36,268.08,Month-to-Month,Fiber Optic,Yes,1
65,Female,53,0,101.66,0,Month-to-Month,Fiber Optic,Yes,1
66,Male,58,10,54.48,544.8,One-Year,DSL,Yes,1
67,Female,44,6,92.31,553.86,One-Year,Fiber Optic,Yes,1
68,Female,55,13,53.77,699.01,One-Year,Fiber Optic,Yes,0
69,Female,48,17,114.52,1946.84,Month-to-Month,Fiber Optic,Yes,1
70,Male,38,0,87.27,0,One-Year,None,No,1
71,Female,48,2,59.21,118.42,Month-to-Month,Fiber Optic,Yes,1
72,Female,60,16,54.26,868.16,Month-to-Month,Fiber Optic,Yes,1
73,Male,44,8,47.18,377.44,Month-to-Month,None,No,1
74,Male,60,26,92.52,2405.52,Month-to-Month,DSL,No,1
75,Female,18,21,49.68,1043.28,Month-to-Month,Fiber Optic,Yes,1
76,Male,53,37,83.58,3092.46,Month-to-Month,Fiber Optic,Yes,1
77,Female,45,23,53.82,1237.86,Month-to-Month,Fiber Optic,No,1
78,Female,42,11,89.58,985.38,Month-to-Month,None,No,1
79,Male,45,22,103.34,2273.48,One-Year,Fiber Optic,Yes,1
80,Female,25,6,100.02,600.12,Month-to-Month,None,No,1
81,Male,42,7,98.48,689.36,Month-to-Month,Fiber Optic,No,1
82,Female,48,31,46.9,1453.8999999999999,Two-Year,Fiber Optic,No,1
83,Male,59,11,37.95,417.45000000000005,Month-to-Month,None,No,1
84,Female,39,32,92.91,2973.12,One-Year,DSL,No,1
85,Male,36,34,63.15,2147.1,Month-to-Month,DSL,Yes,1
86,Male,39,38,68.91,2618.58,Month-to-Month,Fiber Optic,Yes,1
87,Female,54,49,32.8,1607.1999999999998,One-Year,DSL,Yes,0
88,Male,48,11,53.36,586.96,One-Year,DSL,Yes,1
89,Female,39,7,33.03,231.21,Two-Year,Fiber Optic,Yes,1
90,Male,50,17,109.13,1855.21,One-Year,Fiber Optic,Yes,1
91,Female,45,9,51.91,467.18999999999994,Two-Year,Fiber Optic,Yes,1
92,Male,54,18,80.16,1442.8799999999999,Month-to-Month,None,No,1
93,Female,37,24,33.51,804.24,Month-to-Month,Fiber Optic,Yes,1
94,Male,41,23,90.02,2070.46,Month-to-Month,None,No,1
95,Male,41,9,59.07,531.63,Month-to-Month,DSL,Yes,1
96,Male,30,3,110.81,332.43,One-Year,Fiber Optic,Yes,1
97,Male,47,11,109.93,1209.23,One-Year,None,No,1
98,Female,47,3,59.28,177.84,Month-to-Month,Fiber Optic,Yes,1
99,Male,45,44,111.09,4887.96,Two-Year,None,No,1
100,Female,42,8,119.65,957.2,Two-Year,Fiber Optic,Yes,1
101,Male,30,3,104.29,312.87,Month-to-Month,DSL,Yes,1
102,Male,40,0,106.04,0,Month-to-Month,Fiber Optic,Yes,1
103,Female,41,20,52.41,1048.1999999999998,Month-to-Month,Fiber Optic,Yes,1
104,Female,36,20,81.9,1638,Month-to-Month,None,No,1
105,Male,43,8,36.05,288.4,Month-to-Month,DSL,Yes,1
106,Male,49,1,38.54,38.54,One-Year,None,No,1
107,Male,63,10,119.9,1199,Month-to-Month,None,No,1
108,Female,46,7,59.4,415.8,Month-to-Month,DSL,No,1
109,Female,47,22,97.34,2141.48,Two-Year,Fiber Optic,Yes,0
110,Male,44,18,102.6,1846.8,One-Year,None,No,1
111,Female,25,9,107.22,964.98,Two-Year,None,No,1
112,Female,44,4,119.79,479.16,Month-to-Month,Fiber Optic,Yes,1
113,Female,45,88,51.73,4552.24,Month-to-Month,Fiber Optic,Yes,1
114,Female,69,12,33.63,403.56000000000006,One-Year,Fiber Optic,No,1
115,Male,43,23,67.01,1541.23,Month-to-Month,Fiber Optic,Yes,1
116,Male,48,3,41.71,125.13,Month-to-Month,DSL,Yes,1
117,Male,44,13,32.02,416.26000000000005,One-Year,None,No,1
118,Male,33,0,62.44,0,One-Year,DSL,Yes,1
119,Female,56,14,100.54,1407.5600000000002,Month-to-Month,DSL,Yes,1
120,Female,52,66,80.96,5343.36,Month-to-Month,Fiber Optic,Yes,1
121,Male,52,9,58.15,523.35,Month-to-Month,Fiber Optic,Yes,1
122,Male,35,0,88.89,0,Month-to-Month,Fiber Optic,No,1
123,Male,59,0,50.88,0,Month-to-Month,Fiber Optic,No,1
124,Female,30,9,31.29,281.61,Month-to-Month,Fiber Optic,Yes,1
125,Male,50,3,98.79,296.37,Month-to-Month,DSL,No,1
126,Female,66,0,86.14,0,Two-Year,Fiber Optic,Yes,1
127,Male,35,28,98.61,2761.08,One-Year,None,No,1
128,Male,39,12,33.5,402,One-Year,Fiber Optic,Yes,0
129,Female,45,6,105.34,632.04,Month-to-Month,Fiber Optic,Yes,1
130,Female,39,46,85.76,3944.96,Month-to-Month,Fiber Optic,Yes,1
131,Male,29,2,80.71,161.42,Month-to-Month,None,No,1
132,Female,45,62,86.22,5345.64,Month-to-Month,DSL,No,1
133,Female,34,7,107.8,754.6,Month-to-Month,Fiber Optic,Yes,1
134,Female,49,43,82.82,3561.2599999999998,One-Year,None,No,1
135,Male,35,18,82.29,1481.22,One-Year,Fiber Optic,No,1
136,Female,60,35,119.16,4170.599999999999,One-Year,DSL,No,1
137,Female,37,82,98.11,8045.0199999999995,Month-to-Month,Fiber Optic,No,1
138,Female,41,6,69.81,418.86,Two-Year,DSL,Yes,1
139,Male,53,64,93.67,5994.88,Month-to-Month,Fiber Optic,No,1
140,Male,32,9,65.03,585.27,Month-to-Month,None,No,1
141,Male,47,9,50.6,455.40000000000003,Month-to-Month,DSL,Yes,1
142,Female,58,8,83.72,669.76,One-Year,None,No,1
143,Male,28,15,113.54,1703.1000000000001,Two-Year,DSL,Yes,1
144,Female,46,3,113.62,340.86,Month-to-Month,None,No,1
145,Female,47,16,60.77,972.32,Two-Year,Fiber Optic,Yes,0
146,Male,52,15,77.49,1162.35,Two-Year,DSL,Yes,0
147,Female,32,28,49.05,1373.3999999999999,Month-to-Month,DSL,No,1
148,Male,31,35,119.61,4186.35,Month-to-Month,None,No,1
149,Female,50,11,118.3,1301.3,Month-to-Month,DSL,Yes,1
150,Male,47,7,88.46,619.2199999999999,Two-Year,DSL,Yes,1
151,Female,47,6,102.4,614.4000000000001,Month-to-Month,Fiber Optic,No,1
152,Female,48,4,94.36,377.44,One-Year,Fiber Optic,Yes,1
153,Female,38,1,83.38,83.38,Month-to-Month,Fiber Optic,Yes,1
154,Female,47,8,34.8,278.4,One-Year,DSL,Yes,1
155,Female,47,6,70.93,425.58000000000004,Month-to-Month,DSL,No,1
156,Female,37,67,90.73,6078.91,One-Year,DSL,No,1
157,Female,63,16,90.98,1455.68,Two-Year,DSL,Yes,0
158,Female,49,8,63.58,508.64,Two-Year,Fiber Optic,Yes,1
159,Male,33,17,114.75,1950.75,Two-Year,None,No,1
160,Female,51,2,45.06,90.12,Month-to-Month,DSL,Yes,1
161,Female,35,11,75.03,825.33,One-Year,Fiber Optic,Yes,1
162,Female,52,19,92.18,1751.42,Month-to-Month,Fiber Optic,Yes,1
163,Male,56,13,92.74,1205.62,Month-to-Month,None,No,1
164,Female,36,10,88.38,883.8,One-Year,None,No,1
165,Male,54,101,54.78,5532.78,Month-to-Month,None,No,1
166,Female,49,42,44.06,1850.52,One-Year,DSL,Yes,0
167,Male,53,19,87.23,1657.3700000000001,Two-Year,DSL,No,1
168,Female,63,16,83.94,1343.04,Month-to-Month,Fiber Optic,Yes,1
169,Female,42,19,46.14,876.66,One-Year,DSL,No,1
170,Male,37,4,93.46,373.84,Month-to-Month,Fiber Optic,Yes,1
171,Female,36,10,70.97,709.7,Month-to-Month,None,No,1
172,Male,36,0,90.1,0,Month-to-Month,None,No,1
173,Female,44,12,105.36,1264.32,Two-Year,None,No,1
174,Female,48,15,45.28,679.2,Two-Year,Fiber Optic,No,1
175,Female,47,5,31.72,158.6,Two-Year,Fiber Optic,Yes,1
176,Female,53,66,100.12,6607.92,Two-Year,Fiber Optic,No,1
177,Female,45,48,84.87,4073.76,Month-to-Month,DSL,Yes,1
178,Male,59,25,92.97,2324.25,Month-to-Month,None,No,1
179,Male,42,15,105.43,1581.45,One-Year,DSL,No,1
180,Female,72,40,102.25,4090,Month-to-Month,Fiber Optic,No,1
181,Female,51,2,116.48,232.96,Month-to-Month,Fiber Optic,Yes,1
182,Female,36,31,78.23,2425.13,Month-to-Month,Fiber Optic,Yes,1
183,Female,34,2,73.96,147.92,One-Year,None,No,1
184,Male,49,31,66.17,2051.27,One-Year,Fiber Optic,Yes,0
185,Female,42,6,43.83,262.98,Month-to-Month,None,No,1
186,Male,52,41,81.53,3342.73,Month-to-Month,DSL,Yes,1
187,Female,49,57,54.93,3131.0099999999998,One-Year,Fiber Optic,Yes,0
188,Male,44,3,112.92,338.76,One-Year,None,No,1
189,Male,36,12,82.49,989.8799999999999,Month-to-Month,Fiber Optic,Yes,1
190,Male,29,79,83.36,6585.44,One-Year,None,No,1
191,Male,40,13,61.94,805.22,Month-to-Month,DSL,No,1
192,Female,53,39,34.68,1352.52,Month-to-Month,Fiber Optic,Yes,1
193,Male,47,17,32.86,558.62,One-Year,Fiber Optic,Yes,0
194,Male,32,9,68.1,612.9,One-Year,None,No,1
195,Male,46,6,37.61,225.66,Month-to-Month,DSL,Yes,1
196,Male,48,4,84.62,338.48,One-Year,None,No,1
197,Male,36,28,109.29,3060.1200000000003,One-Year,Fiber Optic,Yes,1
198,Male,46,9,109.46,985.14,One-Year,DSL,Yes,1
199,Female,45,14,89.31,1250.3400000000001,One-Year,Fiber Optic,No,1
200,Female,33,13,49.01,637.13,One-Year,Fiber Optic,Yes,0
201,Female,48,17,107.67,1830.39,Month-to-Month,Fiber Optic,Yes,1
202,Male,50,40,109.75,4390,Month-to-Month,None,No,1
203,Male,55,78,47.7,3720.6000000000004,Month-to-Month,Fiber Optic,Yes,1
204,Female,55,10,96.37,963.7,Month-to-Month,Fiber Optic,No,1
205,Female,31,35,55.79,1952.6499999999999,One-Year,Fiber Optic,Yes,0
206,Male,35,28,102.24,2862.72,One-Year,DSL,Yes,1
207,Male,50,17,119.75,2035.75,Month-to-Month,DSL,Yes,1
208,Male,50,62,32.7,2027.4,Month-to-Month,Fiber Optic,Yes,1
209,Male,50,4,110.76,443.04,Month-to-Month,Fiber Optic,Yes,1
210,Male,83,2,86.04,172.08,Month-to-Month,DSL,No,1
211,Female,50,38,117.6,4468.8,One-Year,Fiber Optic,No,1
212,Female,56,11,71.85,790.3499999999999,Month-to-Month,Fiber Optic,No,1
213,Female,54,37,106.26,3931.6200000000003,One-Year,DSL,No,1
214,Female,51,44,35.62,1567.28,Two-Year,Fiber Optic,Yes,0
215,Female,41,1,60.18,60.18,Month-to-Month,DSL,Yes,1
216,Female,52,42,36.03,1513.26,Month-to-Month,None,No,1
217,Female,37,11,117.78,1295.58,Month-to-Month,None,No,1
218,Male,42,14,103.53,1449.42,One-Year,None,No,1
219,Male,40,19,106.73,2027.8700000000001,One-Year,DSL,Yes,1
220,Male,45,52,114.42,5949.84,Month-to-Month,None,No,1
221,Female,68,0,37.66,0,One-Year,None,No,1
222,Female,26,12,64.7,776.4000000000001,Two-Year,None,No,1
223,Male,51,23,36.39,836.97,Month-to-Month,DSL,No,1
224,Female,28,25,48.97,1224.25,Month-to-Month,Fiber Optic,Yes,1
225,Male,40,23,50.64,1164.72,Two-Year,None,No,1
226,Female,55,2,72.22,144.44,One-Year,Fiber Optic,Yes,1
227,Male,45,7,54.17,379.19,Two-Year,Fiber Optic,No,1
228,Male,34,8,39.09,312.72,One-Year,Fiber Optic,Yes,1
229,Female,37,32,45.07,1442.24,Two-Year,Fiber Optic,Yes,0
230,Male,51,6,43.25,259.5,Month-to-Month,DSL,No,1
231,Male,37,4,117.58,470.32,One-Year,Fiber Optic,Yes,1
232,Male,47,63,98.34,6195.42,Two-Year,DSL,No,1
233,Female,45,0,117.1,0,One-Year,Fiber Optic,Yes,1
234,Female,38,122,69.58,8488.76,Month-to-Month,DSL,No,1
235,Male,66,22,55.05,1211.1,Month-to-Month,Fiber Optic,Yes,1
236,Female,51,35,101.85,3564.75,Month-to-Month,DSL,No,1
237,Female,24,6,59.36,356.15999999999997,Month-to-Month,Fiber Optic,No,1
238,Male,46,0,56.94,0,Month-to-Month,None,No,1
239,Male,38,26,50.93,1324.18,One-Year,DSL,Yes,0
240,Male,53,35,41.67,1458.45,One-Year,DSL,Yes,0
241,Male,37,26,53.08,1380.08,Month-to-Month,DSL,Yes,1
242,Female,43,3,61.98,185.94,One-Year,None,No,1
243,Male,50,28,90.66,2538.48,Month-to-Month,Fiber Optic,Yes,1
244,Female,53,29,35.63,1033.27,Month-to-Month,Fiber Optic,Yes,1
245,Female,32,21,48.95,1027.95,Month-to-Month,DSL,Yes,1
246,Male,41,29,102.81,2981.4900000000002,One-Year,Fiber Optic,No,1
247,Female,40,37,43.22,1599.1399999999999,Month-to-Month,None,No,1
248,Male,38,19,60.84,1155.96,Month-to-Month,None,No,1
249,Female,62,1,107.82,107.82,Month-to-Month,Fiber Optic,Yes,1
250,Female,49,13,43.94,571.22,Two-Year,DSL,Yes,0
251,Female,32,1,37.45,37.45,Month-to-Month,DSL,Yes,1
252,Female,54,10,73.61,736.1,One-Year,DSL,Yes,1
253,Male,66,10,57.22,572.2,One-Year,DSL,Yes,1
254,Female,55,1,80.71,80.71,One-Year,DSL,Yes,1
255,Female,29,8,102.34,818.72,Two-Year,DSL,Yes,1
256,Female,40,2,42.34,84.68,Month-to-Month,Fiber Optic,Yes,1
257,Female,57,33,82.26,2714.5800000000004,Month-to-Month,None,No,1
258,Female,37,59,75.5,4454.5,Two-Year,Fiber Optic,Yes,0
259,Male,49,1,42.97,42.97,Month-to-Month,None,No,1
260,Male,52,62,86.16,5341.92,One-Year,None,No,1
261,Female,35,14,54.63,764.82,One-Year,DSL,Yes,0
262,Male,44,7,73.91,517.37,One-Year,None,No,1
263,Female,12,1,37.4,37.4,Two-Year,DSL,No,1
264,Female,34,13,71.36,927.68,Two-Year,Fiber Optic,No,1
265,Male,42,31,57.58,1784.98,One-Year,Fiber Optic,Yes,0
266,Male,32,24,104.01,2496.2400000000002,Month-to-Month,None,No,1
267,Female,61,1,35.13,35.13,Two-Year,DSL,Yes,1
268,Male,30,1,67.67,67.67,Month-to-Month,DSL,Yes,1
269,Female,40,10,71.26,712.6,Month-to-Month,None,No,1
270,Male,46,6,95.25,571.5,Two-Year,DSL,Yes,1
271,Female,59,5,81.69,408.45,Month-to-Month,Fiber Optic,Yes,1
272,Male,30,6,90.05,540.3,Month-to-Month,None,No,1
273,Female,56,32,99.93,3197.76,Month-to-Month,None,No,1
274,Male,45,52,107.6,5595.2,Two-Year,None,No,1
275,Female,35,10,58.25,582.5,One-Year,None,No,1
276,Male,49,47,78.42,3685.7400000000002,One-Year,DSL,Yes,0
277,Female,46,7,105.61,739.27,Month-to-Month,None,No,1
278,Female,38,12,119.05,1428.6,One-Year,Fiber Optic,No,1
279,Male,45,5,110.06,550.3,One-Year,Fiber Optic,Yes,1
280,Male,41,20,63.43,1268.6,Month-to-Month,DSL,No,1
281,Male,46,77,47.56,3662.1200000000003,Month-to-Month,Fiber Optic,No,1
282,Female,51,18,74.05,1332.8999999999999,Month-to-Month,None,No,1
283,Female,60,8,96.75,774,Two-Year,None,No,1
284,Female,32,20,74.33,1486.6,One-Year,Fiber Optic,Yes,0
285,Male,66,2,73.49,146.98,Two-Year,DSL,No,1
286,Male,25,43,105.44,4533.92,Month-to-Month,Fiber Optic,No,1
287,Female,43,13,62.53,812.89,One-Year,None,No,1
288,Female,50,11,107.38,1181.1799999999998,One-Year,None,No,1
289,Female,47,17,66.61,1132.37,One-Year,Fiber Optic,Yes,0
290,Male,38,19,59.54,1131.26,Two-Year,DSL,Yes,0
291,Female,42,1,70.86,70.86,Month-to-Month,Fiber Optic,Yes,1
292,Male,40,22,98.62,2169.6400000000003,Month-to-Month,Fiber Optic,Yes,1
293,Male,39,5,41.34,206.70000000000002,One-Year,None,No,1
294,Female,53,25,47.68,1192,One-Year,Fiber Optic,No,1
295,Female,48,34,115.63,3931.42,One-Year,Fiber Optic,Yes,1
296,Female,38,32,45.79,1465.28,Month-to-Month,Fiber Optic,Yes,1
297,Male,53,16,81.1,1297.6,One-Year,DSL,Yes,0
298,Male,48,14,82.14,1149.96,Month-to-Month,None,No,1
299,Female,53,3,74.07,222.20999999999998,Month-to-Month,Fiber Optic,No,1
300,Female,51,29,88.03,2552.87,One-Year,Fiber Optic,Yes,0
301,Male,36,6,50.68,304.08,One-Year,Fiber Optic,Yes,1
302,Male,39,13,79.74,1036.62,Month-to-Month,Fiber Optic,Yes,1
303,Male,52,6,63.5,381,Month-to-Month,Fiber Optic,No,1
304,Female,51,2,89.55,179.1,Month-to-Month,None,No,1
305,Male,44,19,42.71,811.49,Month-to-Month,DSL,Yes,1
306,Male,46,1,81.38,81.38,One-Year,Fiber Optic,Yes,1
307,Male,57,27,46.67,1260.0900000000001,Two-Year,DSL,Yes,0
308,Male,39,7,55.08,385.56,Month-to-Month,Fiber Optic,No,1
309,Male,50,0,49.68,0,One-Year,DSL,Yes,1
310,Female,42,14,46.46,650.44,Two-Year,Fiber Optic,Yes,0
311,Male,42,0,104.31,0,Two-Year,None,No,1
312,Female,55,6,55.71,334.26,Month-to-Month,None,No,1
313,Male,53,24,113.44,2722.56,Two-Year,Fiber Optic,No,1
314,Female,53,1,117.29,117.29,Month-to-Month,Fiber Optic,Yes,1
315,Female,58,36,81.41,2930.7599999999998,Month-to-Month,DSL,No,1
316,Female,45,0,42.87,0,Month-to-Month,Fiber Optic,No,1
317,Female,51,5,63.71,318.55,Month-to-Month,None,No,1
318,Male,41,27,101.8,2748.6,Month-to-Month,DSL,Yes,1
319,Male,48,7,63.07,441.49,Month-to-Month,Fiber Optic,Yes,1
320,Female,43,2,37.83,75.66,Month-to-Month,None,No,1
321,Female,45,8,80.11,640.88,Two-Year,None,No,1
322,Female,50,6,106.06,636.36,Two-Year,DSL,Yes,1
323,Female,36,36,101.63,3658.68,Month-to-Month,Fiber Optic,Yes,1
324,Female,65,7,45.76,320.32,Two-Year,DSL,No,1
325,Male,34,31,90.55,2807.0499999999997,Two-Year,DSL,Yes,0
326,Male,32,44,49.85,2193.4,One-Year,None,No,1
327,Female,56,11,49.64,546.04,Month-to-Month,None,No,1
328,Female,52,48,108.67,5216.16,One-Year,None,No,1
329,Male,51,9,52.47,472.23,Two-Year,DSL,No,1
330,Female,51,66,53.69,3543.54,One-Year,None,No,1
331,Male,44,1,30.06,30.06,Month-to-Month,Fiber Optic,No,1
332,Female,36,23,108.36,2492.28,One-Year,Fiber Optic,Yes,1
333,Male,45,13,101.33,1317.29,One-Year,Fiber Optic,Yes,1
334,Male,38,9,86.46,778.14,One-Year,DSL,Yes,1
335,Female,54,20,97.52,1950.3999999999999,Month-to-Month,None,No,1
336,Male,43,24,43.68,1048.32,Month-to-Month,Fiber Optic,Yes,1
337,Female,36,0,71.25,0,Two-Year,DSL,Yes,1
338,Female,41,3,61.61,184.82999999999998,Two-Year,DSL,Yes,1
339,Female,49,24,38.44,922.56,Month-to-Month,DSL,Yes,1
340,Male,39,21,73.75,1548.75,Two-Year,DSL,Yes,0
341,Male,36,67,112.87,7562.29,Month-to-Month,Fiber Optic,No,1
342,Male,47,28,33.61,941.0799999999999,One-Year,None,No,1
343,Female,47,60,56.23,3373.7999999999997,One-Year,DSL,Yes,0
344,Female,39,24,48.68,1168.32,Two-Year,DSL,Yes,0
345,Female,40,7,51.43,360.01,Two-Year,Fiber Optic,No,1
346,Female,47,2,111.76,223.52,Month-to-Month,None,No,1
347,Female,30,30,72.13,2163.8999999999996,Two-Year,Fiber Optic,Yes,0
348,Female,30,20,71.97,1439.4,Month-to-Month,Fiber Optic,No,1
349,Male,37,0,98.45,0,One-Year,Fiber Optic,Yes,1
350,Female,42,8,43.9,351.2,One-Year,DSL,Yes,1
351,Male,48,62,73.85,4578.7,One-Year,DSL,No,1
352,Female,59,13,68.7,893.1,Month-to-Month,None,No,1
353,Female,53,11,83.72,920.92,Two-Year,Fiber Optic,Yes,1
354,Female,43,12,119.96,1439.52,Month-to-Month,Fiber Optic,No,1
355,Male,44,4,99.25,397,Month-to-Month,None,No,1
356,Male,34,9,65.81,592.29,One-Year,Fiber Optic,No,1
357,Male,44,9,104.48,940.32,Month-to-Month,DSL,Yes,1
358,Male,42,1,45.36,45.36,Two-Year,Fiber Optic,Yes,1
359,Male,48,29,32.74,949.46,Month-to-Month,DSL,Yes,1
360,Female,36,10,48.4,484,Month-to-Month,DSL,Yes,1
361,Female,50,34,60.64,2061.76,Two-Year,Fiber Optic,Yes,0
362,Male,60,37,75.95,2810.15,One-Year,None,No,1
363,Male,43,4,85.36,341.44,Month-to-Month,None,No,1
364,Male,49,21,111.95,2350.9500000000003,One-Year,Fiber Optic,Yes,1
365,Female,51,12,75.89,910.6800000000001,One-Year,DSL,Yes,0
366,Female,40,42,75.11,3154.62,One-Year,DSL,Yes,0
367,Female,47,4,34.52,138.08,Month-to-Month,None,No,1
368,Female,45,22,33.14,729.08,Two-Year,Fiber Optic,No,1
369,Female,45,18,79.6,1432.8,Two-Year,Fiber Optic,No,1
370,Female,37,6,69.44,416.64,One-Year,None,No,1
371,Male,45,2,105.53,211.06,Month-to-Month,None,No,1
372,Female,49,21,44.46,933.66,Two-Year,None,No,1
373,Male,59,26,32.25,838.5,One-Year,DSL,Yes,0
374,Female,54,7,70.41,492.87,One-Year,None,No,1
375,Male,66,20,51.37,1027.3999999999999,Month-to-Month,None,No,1
376,Female,37,10,34.47,344.7,Two-Year,DSL,No,1
377,Female,53,24,95.21,2285.04,One-Year,Fiber Optic,Yes,0
378,Female,46,4,40.04,160.16,Month-to-Month,Fiber Optic,Yes,1
379,Female,66,44,84.75,3729,Month-to-Month,None,No,1
380,Male,36,6,55.29,331.74,Two-Year,DSL,No,1
381,Male,36,9,45.61,410.49,Month-to-Month,Fiber Optic,Yes,1
382,Male,39,1,64.18,64.18,Two-Year,DSL,Yes,1
383,Male,23,2,102.13,204.26,One-Year,None,No,1
384,Female,39,14,65.29,914.0600000000001,One-Year,DSL,Yes,0
385,Male,37,6,97.57,585.42,Month-to-Month,DSL,Yes,1
386,Female,46,36,41.29,1486.44,Month-to-Month,Fiber Optic,Yes,1
387,Female,48,0,99.55,0,Two-Year,None,No,1
388,Female,63,9,51.32,461.88,Month-to-Month,DSL,Yes,1
389,Male,54,8,90.97,727.76,One-Year,DSL,Yes,1
390,Female,39,0,80.92,0,Month-to-Month,None,No,1
391,Female,36,2,113.62,227.24,Month-to-Month,Fiber Optic,Yes,1
392,Female,49,10,64.86,648.6,Month-to-Month,None,No,1
393,Female,31,13,35.95,467.35,One-Year,DSL,Yes,0
394,Female,63,10,31.72,317.2,Two-Year,Fiber Optic,Yes,1
395,Male,56,15,104.42,1566.3,Month-to-Month,DSL,No,1
396,Female,40,18,77.23,1390.14,Month-to-Month,DSL,Yes,1
397,Male,27,0,99.77,0,Month-to-Month,Fiber Optic,Yes,1
398,Male,58,12,51.1,613.2,One-Year,Fiber Optic,No,1
399,Male,43,66,61.06,4029.96,Month-to-Month,None,No,1
400,Male,57,14,32.71,457.94,Two-Year,Fiber Optic,No,1
401,Male,29,22,116.53,2563.66,One-Year,Fiber Optic,Yes,1
402,Male,39,7,90.11,630.77,One-Year,Fiber Optic,Yes,1
403,Female,45,29,113.99,3305.71,Month-to-Month,None,No,1
404,Female,45,29,53.89,1562.81,Two-Year,DSL,Yes,0
405,Female,40,14,85.03,1190.42,Month-to-Month,DSL,Yes,1
406,Male,51,74,91.06,6738.4400000000005,Month-to-Month,Fiber Optic,No,1
407,Male,34,2,58.58,117.16,One-Year,Fiber Optic,Yes,1
408,Female,43,0,106.33,0,One-Year,DSL,Yes,1
409,Male,46,29,115.24,3341.96,Month-to-Month,None,No,1
410,Male,50,32,109.64,3508.48,Month-to-Month,DSL,No,1
411,Female,52,2,96.52,193.04,One-Year,None,No,1
412,Male,33,6,54.97,329.82,Month-to-Month,DSL,Yes,1
413,Female,29,0,55.35,0,Two-Year,Fiber Optic,Yes,1
414,Female,57,6,116.7,700.2,One-Year,None,No,1
415,Male,48,29,30.93,896.97,Month-to-Month,DSL,Yes,1
416,Male,37,14,94.44,1322.1599999999999,Month-to-Month,None,No,1
417,Female,60,8,93.56,748.48,Month-to-Month,Fiber Optic,No,1
418,Male,46,9,86.04,774.36,One-Year,None,No,1
419,Male,56,0,119.11,0,One-Year,Fiber Optic,No,1
420,Female,45,7,58.07,406.49,Month-to-Month,Fiber Optic,Yes,1
421,Male,65,20,60.6,1212,One-Year,DSL,Yes,0
422,Female,62,73,37.1,2708.3,Two-Year,Fiber Optic,Yes,0
423,Female,42,37,69.85,2584.45,Month-to-Month,DSL,Yes,1
424,Male,54,0,53.49,0,Two-Year,DSL,Yes,1
425,Male,51,45,60.9,2740.5,Month-to-Month,DSL,No,1
426,Male,58,30,105.11,3153.3,Month-to-Month,Fiber Optic,Yes,1
427,Male,35,30,114.19,3425.7,Month-to-Month,None,No,1
428,Male,51,12,46.72,560.64,Month-to-Month,DSL,Yes,1
429,Female,55,10,63.53,635.3,Month-to-Month,DSL,Yes,1
430,Male,27,7,113.58,795.06,Month-to-Month,Fiber Optic,Yes,1
431,Female,33,1,35.56,35.56,Two-Year,DSL,Yes,1
432,Female,24,5,38.31,191.55,Two-Year,DSL,Yes,1
433,Female,42,5,44.65,223.25,One-Year,DSL,No,1
434,Female,52,13,83.57,1086.4099999999999,Month-to-Month,None,No,1
435,Male,60,27,43.54,1175.58,Month-to-Month,None,No,1
436,Female,45,12,117.13,1405.56,Month-to-Month,Fiber Optic,Yes,1
437,Female,61,1,70.2,70.2,One-Year,Fiber Optic,No,1
438,Male,31,63,75.14,4733.82,Two-Year,Fiber Optic,Yes,0
439,Male,27,57,52.2,2975.4,Month-to-Month,Fiber Optic,Yes,1
440,Female,44,30,72.39,2171.7,Month-to-Month,Fiber Optic,Yes,1
441,Male,48,94,89.57,8419.58,One-Year,Fiber Optic,No,1
442,Male,44,15,97.61,1464.15,Month-to-Month,DSL,Yes,1
443,Male,24,65,97.85,6360.25,Month-to-Month,DSL,Yes,1
444,Male,44,1,82.01,82.01,One-Year,Fiber Optic,No,1
445,Female,31,9,111.39,1002.51,One-Year,None,No,1
446,Female,51,5,103.57,517.8499999999999,Month-to-Month,Fiber Optic,Yes,1
447,Female,48,4,98.13,392.52,Month-to-Month,None,No,1
448,Male,35,3,35,105,Two-Year,None,No,1
449,Male,39,19,30.62,581.78,Month-to-Month,DSL,Yes,1
450,Female,34,30,49.12,1473.6,Month-to-Month,Fiber Optic,No,1
451,Male,44,17,89.72,1525.24,Month-to-Month,Fiber Optic,Yes,1
452,Male,54,3,67.01,201.03000000000003,Month-to-Month,None,No,1
453,Female,35,33,66.22,2185.2599999999998,Month-to-Month,None,No,1
454,Male,50,20,109.61,2192.2,Two-Year,Fiber Optic,Yes,1
455,Female,39,9,110.6,995.4,Month-to-Month,DSL,Yes,1
456,Male,37,22,111.83,2460.2599999999998,Month-to-Month,None,No,1
457,Male,43,6,58.25,349.5,One-Year,DSL,Yes,1
458,Male,34,8,92.2,737.6,One-Year,None,No,1
459,Female,39,49,54.45,2668.05,Two-Year,None,No,1
460,Female,33,6,47.15,282.9,Two-Year,Fiber Optic,Yes,1
461,Female,64,12,46.62,559.4399999999999,Month-to-Month,Fiber Optic,No,1
462,Female,45,44,60.79,2674.7599999999998,One-Year,Fiber Optic,Yes,0
463,Male,38,24,68.7,1648.8000000000002,Month-to-Month,Fiber Optic,No,1
464,Female,47,1,104.79,104.79,Two-Year,Fiber Optic,Yes,1
465,Male,43,3,40.79,122.37,Month-to-Month,None,No,1
466,Female,42,0,96.14,0,Two-Year,None,No,1
467,Male,51,19,77.83,1478.77,One-Year,None,No,1
468,Female,52,11,55.92,615.12,Month-to-Month,DSL,Yes,1
469,Male,39,2,74.35,148.7,One-Year,None,No,1
470,Male,39,63,56.99,3590.3700000000003,Two-Year,None,No,1
471,Female,42,15,83.65,1254.75,Two-Year,DSL,No,1
472,Male,21,5,69.05,345.25,Month-to-Month,DSL,Yes,1
473,Male,29,13,44.8,582.4,One-Year,DSL,No,1
474,Male,58,22,40.49,890.7800000000001,Month-to-Month,None,No,1
475,Male,61,1,79.2,79.2,Month-to-Month,Fiber Optic,Yes,1
476,Female,42,6,111.22,667.3199999999999,Month-to-Month,None,No,1
477,Female,50,32,60.96,1950.72,Month-to-Month,DSL,Yes,1
478,Female,48,12,95.97,1151.6399999999999,Two-Year,None,No,1
479,Female,75,15,89.28,1339.2,Month-to-Month,DSL,Yes,1
480,Male,56,11,113.84,1252.24,Two-Year,Fiber Optic,Yes,1
481,Female,43,0,103.89,0,Month-to-Month,Fiber Optic,No,1
482,Male,35,3,80.99,242.96999999999997,Month-to-Month,DSL,Yes,1
483,Male,28,11,89.13,980.43,Month-to-Month,None,No,1
484,Female,47,4,110.85,443.4,Month-to-Month,DSL,Yes,1
485,Male,37,1,65.96,65.96,Month-to-Month,Fiber Optic,Yes,1
486,Female,30,37,59.41,2198.17,Month-to-Month,Fiber Optic,Yes,1
487,Male,38,79,30.97,2446.63,One-Year,Fiber Optic,Yes,0
488,Female,34,31,104.39,3236.09,Month-to-Month,DSL,Yes,1
489,Female,61,38,102.09,3879.42,Month-to-Month,DSL,No,1
490,Female,53,5,39.4,197,Month-to-Month,None,No,1
491,Female,44,64,81.92,5242.88,Two-Year,DSL,No,1
492,Female,59,4,71.76,287.04,Two-Year,None,No,1
493,Male,45,60,40.68,2440.8,Month-to-Month,None,No,1
494,Female,36,105,118.25,12416.25,Month-to-Month,DSL,Yes,1
495,Male,60,24,49.32,1183.68,Month-to-Month,DSL,No,1
496,Female,50,79,36.05,2847.95,Two-Year,Fiber Optic,Yes,0
497,Female,34,16,83.54,1336.64,Month-to-Month,None,No,1
498,Female,43,6,96.5,579,Month-to-Month,None,No,1
499,Male,36,11,32.92,362.12,Month-to-Month,Fiber Optic,Yes,1
500,Male,31,18,89.28,1607.04,Month-to-Month,None,No,1
501,Female,54,1,77.91,77.91,Month-to-Month,DSL,No,1
502,Male,64,19,39.29,746.51,One-Year,None,No,1
503,Male,31,79,45.53,3596.87,Month-to-Month,None,No,1
504,Male,50,4,81.12,324.48,One-Year,DSL,Yes,1
505,Female,38,31,56.67,1756.77,Month-to-Month,DSL,Yes,1
506,Female,40,47,114.45,5379.1500000000015,Month-to-Month,DSL,Yes,1
507,Male,39,57,103.69,5910.33,Two-Year,DSL,Yes,1
508,Male,36,64,118.52,7585.28,Month-to-Month,None,No,1
509,Male,45,14,53.37,747.18,Two-Year,Fiber Optic,Yes,0
510,Female,36,75,117.28,8796,One-Year,DSL,No,1
511,Female,47,28,68.81,1926.68,Month-to-Month,Fiber Optic,No,1
512,Male,44,3,61.28,183.84,Two-Year,None,No,1
513,Male,42,12,34.53,414.36,Month-to-Month,Fiber Optic,Yes,1
514,Male,35,25,34.75,868.75,Two-Year,Fiber Optic,Yes,0
515,Female,39,5,92.28,461.4,Month-to-Month,DSL,No,1
516,Female,52,20,71.21,1424.1999999999998,Two-Year,None,No,1
517,Male,50,21,50.39,1058.19,Month-to-Month,None,No,1
518,Male,35,3,85.26,255.78000000000003,One-Year,DSL,No,1
519,Male,45,16,52.76,844.16,One-Year,DSL,Yes,0
520,Female,52,29,81.99,2377.71,Two-Year,DSL,Yes,0
521,Male,28,13,62.33,810.29,Two-Year,DSL,Yes,0
522,Female,50,0,104.12,0,Two-Year,Fiber Optic,No,1
523,Female,38,0,103.86,0,Two-Year,None,No,1
524,Male,50,8,72.96,583.68,Month-to-Month,Fiber Optic,No,1
525,Male,37,52,61.57,3201.64,Month-to-Month,None,No,1
526,Male,26,5,62.63,313.15000000000003,Month-to-Month,Fiber Optic,Yes,1
527,Female,28,20,102.51,2050.2000000000003,Month-to-Month,None,No,1
528,Female,45,5,59.54,297.7,Month-to-Month,None,No,1
529,Female,47,7,48.82,341.74,One-Year,DSL,Yes,1
530,Female,35,37,37.62,1391.9399999999998,Month-to-Month,Fiber Optic,No,1
531,Male,51,26,72,1872,One-Year,Fiber Optic,Yes,0
532,Female,28,2,73.39,146.78,Month-to-Month,DSL,Yes,1
533,Female,44,11,105.68,1162.48,Month-to-Month,Fiber Optic,Yes,1
534,Male,32,0,49.91,0,One-Year,Fiber Optic,Yes,1
535,Female,38,13,64.29,835.7700000000001,One-Year,None,No,1
536,Female,45,21,102.76,2157.96,One-Year,Fiber Optic,Yes,1
537,Female,36,2,104.13,208.26,One-Year,None,No,1
538,Female,41,6,64.61,387.65999999999997,Month-to-Month,Fiber Optic,No,1
539,Female,55,10,71.32,713.1999999999999,One-Year,None,No,1
540,Female,39,50,57.3,2865,Month-to-Month,Fiber Optic,Yes,1
541,Male,53,99,113.93,11279.070000000002,Month-to-Month,None,No,1
542,Male,33,0,40.68,0,Month-to-Month,Fiber Optic,Yes,1
543,Female,50,28,114.04,3193.1200000000003,Month-to-Month,Fiber Optic,Yes,1
544,Male,59,9,91.55,823.9499999999999,Month-to-Month,Fiber Optic,No,1
545,Male,20,9,77.84,700.5600000000001,Two-Year,Fiber Optic,No,1
546,Male,37,28,32.94,922.3199999999999,Two-Year,DSL,Yes,0
547,Male,50,50,72.8,3640,Month-to-Month,DSL,Yes,1
548,Female,42,60,66.7,4002,Month-to-Month,DSL,Yes,1
549,Female,48,17,44.51,756.67,Month-to-Month,None,No,1
550,Male,38,8,89.08,712.64,Month-to-Month,DSL,Yes,1
551,Male,45,30,117.4,3522,Two-Year,DSL,Yes,1
552,Male,43,5,80.6,403,Month-to-Month,None,No,1
553,Female,56,16,94.33,1509.28,One-Year,Fiber Optic,Yes,0
554,Female,47,8,36.16,289.28,Month-to-Month,Fiber Optic,Yes,1
555,Male,48,21,67.59,1419.39,Two-Year,DSL,Yes,0
556,Female,40,5,40.47,202.35,Month-to-Month,None,No,1
557,Female,40,4,85.15,340.6,One-Year,None,No,1
558,Female,40,50,114.46,5723,Month-to-Month,None,No,1
559,Female,48,2,89.56,179.12,One-Year,Fiber Optic,Yes,1
560,Male,40,14,36.91,516.74,Month-to-Month,None,No,1
561,Female,47,4,61.92,247.68,Month-to-Month,DSL,Yes,1
562,Male,65,0,79.56,0,Two-Year,DSL,Yes,1
563,Female,53,0,66.29,0,Two-Year,DSL,No,1
564,Female,41,3,105.03,315.09000000000003,Two-Year,Fiber Optic,Yes,1
565,Female,57,40,103.32,4132.799999999999,One-Year,Fiber Optic,Yes,1
566,Female,40,6,85.06,510.36,Two-Year,Fiber Optic,No,1
567,Male,24,60,63.61,3816.6,Month-to-Month,DSL,No,1
568,Female,34,17,52.98,900.66,Month-to-Month,Fiber Optic,Yes,1
569,Female,26,11,39.53,434.83000000000004,Month-to-Month,None,No,1
570,Female,41,17,61.94,1052.98,One-Year,Fiber Optic,Yes,0
571,Male,45,14,67.19,940.66,Month-to-Month,None,No,1
572,Male,61,28,90.82,2542.96,Month-to-Month,DSL,Yes,1
573,Male,48,6,89.23,535.38,One-Year,None,No,1
574,Female,42,8,36.31,290.48,Two-Year,Fiber Optic,No,1
575,Female,53,44,65.57,2885.08,Month-to-Month,DSL,Yes,1
576,Male,22,58,46.36,2688.88,Month-to-Month,DSL,Yes,1
577,Female,47,44,44.11,1940.84,Month-to-Month,Fiber Optic,Yes,1
578,Female,52,10,104.46,1044.6,Month-to-Month,None,No,1
579,Female,30,30,33.77,1013.1000000000001,Month-to-Month,Fiber Optic,No,1
580,Female,56,12,67.73,812.76,One-Year,DSL,Yes,0
581,Female,48,13,45.14,586.82,One-Year,None,No,1
582,Female,40,4,109.14,436.56,One-Year,Fiber Optic,Yes,1
583,Male,51,17,80.13,1362.21,Month-to-Month,Fiber Optic,No,1
584,Female,67,4,50.82,203.28,Two-Year,Fiber Optic,Yes,1
585,Female,46,8,75.22,601.76,Month-to-Month,DSL,No,1
586,Female,47,38,95.83,3641.54,Month-to-Month,Fiber Optic,Yes,1
587,Female,40,4,116.23,464.92,Two-Year,Fiber Optic,Yes,1
588,Female,36,1,49.84,49.84,Month-to-Month,None,No,1
589,Male,53,1,109.76,109.76,Month-to-Month,Fiber Optic,No,1
590,Male,36,56,114.09,6389.04,Two-Year,Fiber Optic,No,1
591,Male,45,14,112.48,1574.72,Month-to-Month,Fiber Optic,Yes,1
592,Male,40,10,87.19,871.9,One-Year,None,No,1
593,Female,49,33,86.68,2860.44,Month-to-Month,None,No,1
594,Female,48,36,66.29,2386.44,One-Year,Fiber Optic,Yes,0
595,Male,55,8,97.72,781.76,Month-to-Month,None,No,1
596,Male,39,23,77.82,1789.86,Month-to-Month,Fiber Optic,No,1
597,Female,42,29,90.97,2638.13,One-Year,Fiber Optic,No,1
598,Male,35,21,68.56,1439.76,Month-to-Month,DSL,Yes,1
599,Female,40,3,95.83,287.49,Month-to-Month,Fiber Optic,Yes,1
600,Female,48,41,104.2,4272.2,Month-to-Month,DSL,No,1
601,Female,52,15,43.18,647.7,Month-to-Month,None,No,1
602,Male,35,6,104.96,629.76,Month-to-Month,Fiber Optic,Yes,1
603,Male,53,11,78.63,864.93,Month-to-Month,None,No,1
604,Female,58,0,106.02,0,Two-Year,Fiber Optic,Yes,1
605,Female,49,2,68.82,137.64,Month-to-Month,Fiber Optic,Yes,1
606,Male,63,29,64.11,1859.19,Month-to-Month,Fiber Optic,Yes,1
607,Female,37,0,112.36,0,Month-to-Month,DSL,Yes,1
608,Male,32,10,52.61,526.1,Month-to-Month,Fiber Optic,Yes,1
609,Female,27,14,105.98,1483.72,Two-Year,DSL,Yes,1
610,Male,59,1,73.56,73.56,Month-to-Month,Fiber Optic,Yes,1
611,Female,51,72,76.27,5491.44,Two-Year,Fiber Optic,Yes,0
612,Male,44,5,57.76,288.8,Month-to-Month,None,No,1
613,Male,47,7,81.57,570.99,One-Year,DSL,No,1
614,Male,33,7,59.27,414.89000000000004,One-Year,DSL,Yes,1
615,Male,69,5,33.53,167.65,Two-Year,Fiber Optic,Yes,1
616,Female,46,0,54.48,0,One-Year,None,No,1
617,Female,46,26,30.57,794.82,One-Year,None,No,1
618,Male,52,68,118.05,8027.4,Month-to-Month,Fiber Optic,Yes,1
619,Male,49,5,116.92,584.6,Month-to-Month,Fiber Optic,Yes,1
620,Female,47,21,65.56,1376.76,Two-Year,DSL,Yes,0
621,Female,37,27,95.55,2579.85,Month-to-Month,None,No,1
622,Female,49,37,61.12,2261.44,Month-to-Month,Fiber Optic,No,1
623,Male,63,10,90.4,904,One-Year,DSL,Yes,1
624,Male,58,7,102.49,717.43,Month-to-Month,Fiber Optic,Yes,1
625,Female,60,7,115.21,806.4699999999999,Two-Year,DSL,No,1
626,Male,39,24,66.02,1584.48,One-Year,None,No,1
627,Female,35,33,100.5,3316.5,One-Year,DSL,Yes,1
628,Male,43,4,53.93,215.72,Two-Year,Fiber Optic,Yes,1
629,Female,45,9,119.13,1072.17,Month-to-Month,DSL,Yes,1
630,Male,55,46,32.32,1486.72,Month-to-Month,None,No,1
631,Female,28,32,84.32,2698.24,Month-to-Month,None,No,1
632,Female,60,83,89.36,7416.88,Month-to-Month,Fiber Optic,Yes,1
633,Female,43,28,91.92,2573.76,One-Year,Fiber Optic,Yes,0
634,Male,40,9,40.83,367.46999999999997,Two-Year,None,No,1
635,Female,34,17,114.47,1945.99,Month-to-Month,DSL,Yes,1
636,Female,28,21,46.31,972.51,Month-to-Month,Fiber Optic,Yes,1
637,Female,53,1,86.05,86.05,Two-Year,DSL,Yes,1
638,Female,45,15,50.04,750.6,Month-to-Month,None,No,1
639,Female,32,24,57.65,1383.6,Month-to-Month,Fiber Optic,No,1
640,Female,32,3,79.18,237.54000000000002,Month-to-Month,None,No,1
641,Male,41,30,67.55,2026.5,Two-Year,Fiber Optic,Yes,0
642,Female,61,17,44.42,755.14,One-Year,DSL,No,1
643,Female,42,60,45.38,2722.8,One-Year,DSL,Yes,0
644,Male,29,0,67.63,0,Two-Year,DSL,Yes,1
645,Male,42,6,98.16,588.96,Month-to-Month,Fiber Optic,No,1
646,Male,42,18,110.82,1994.7599999999998,Month-to-Month,DSL,No,1
647,Female,18,7,37.57,262.99,Two-Year,DSL,Yes,1
648,Female,44,25,65.38,1634.5,Month-to-Month,None,No,1
649,Female,42,28,39.02,1092.5600000000002,One-Year,None,No,1
650,Female,51,2,31.49,62.98,Two-Year,Fiber Optic,No,1
651,Male,63,14,89.55,1253.7,One-Year,Fiber Optic,Yes,0
652,Male,56,14,84.22,1179.08,One-Year,DSL,Yes,0
653,Male,42,9,44.67,402.03000000000003,Two-Year,Fiber Optic,No,1
654,Male,33,54,51.04,2756.16,Two-Year,None,No,1
655,Male,70,35,32.13,1124.5500000000002,Month-to-Month,DSL,No,1
656,Male,45,23,105.15,2418.4500000000003,Month-to-Month,DSL,Yes,1
657,Female,45,25,117.72,2943,Month-to-Month,None,No,1
658,Female,44,12,42.19,506.28,One-Year,Fiber Optic,Yes,0
659,Female,46,50,50.83,2541.5,Month-to-Month,DSL,No,1
660,Female,43,23,108.16,2487.68,One-Year,Fiber Optic,Yes,1
661,Female,39,26,113.38,2947.88,Month-to-Month,Fiber Optic,Yes,1
662,Male,39,39,67.77,2643.0299999999997,One-Year,Fiber Optic,Yes,0
663,Female,44,6,34.56,207.36,Month-to-Month,None,No,1
664,Female,39,32,33.55,1073.6,One-Year,None,No,1
665,Male,37,4,81.66,326.64,One-Year,Fiber Optic,Yes,1
666,Male,46,8,65.36,522.88,Month-to-Month,None,No,1
667,Female,42,8,32.58,260.64,Month-to-Month,Fiber Optic,No,1
668,Male,60,76,82.49,6269.24,One-Year,None,No,1
669,Female,18,38,31.02,1178.76,Month-to-Month,Fiber Optic,Yes,1
670,Female,55,24,100.86,2420.64,Month-to-Month,None,No,1
671,Male,57,25,57.58,1439.5,Two-Year,None,No,1
672,Male,24,16,33.62,537.92,One-Year,DSL,Yes,0
673,Male,41,58,82.95,4811.1,Two-Year,None,No,1
674,Male,41,13,65.79,855.2700000000001,Month-to-Month,None,No,1
675,Male,30,9,117.64,1058.76,Month-to-Month,None,No,1
676,Female,37,3,78.98,236.94,Two-Year,DSL,Yes,1
677,Male,33,30,54.77,1643.1000000000001,One-Year,None,No,1
678,Female,62,26,93.85,2440.1,One-Year,None,No,1
679,Male,54,9,54.43,489.87,Month-to-Month,DSL,Yes,1
680,Female,57,0,111.38,0,Month-to-Month,None,No,1
681,Male,52,36,63.72,2293.92,Month-to-Month,DSL,No,1
682,Male,33,0,79.49,0,Month-to-Month,DSL,No,1
683,Female,39,24,34.55,829.1999999999999,Month-to-Month,Fiber Optic,No,1
684,Female,49,70,68.35,4784.5,Month-to-Month,Fiber Optic,Yes,1
685,Male,32,11,104.91,1154.01,Two-Year,Fiber Optic,Yes,1
686,Female,52,5,102.51,512.5500000000001,Month-to-Month,DSL,Yes,1
687,Male,42,24,50.19,1204.56,One-Year,None,No,1
688,Female,41,33,50.35,1661.55,Two-Year,DSL,No,1
689,Male,52,15,103.56,1553.4,One-Year,DSL,No,1
690,Male,49,68,113.74,7734.32,Month-to-Month,DSL,Yes,1
691,Female,41,1,38.58,38.58,One-Year,Fiber Optic,Yes,1
692,Female,56,14,70.51,987.1400000000001,One-Year,None,No,1
693,Male,34,25,60.37,1509.25,One-Year,Fiber Optic,Yes,0
694,Female,51,39,108.36,4226.04,One-Year,None,No,1
695,Female,50,3,37.52,112.56,Two-Year,DSL,No,1
696,Male,41,32,49,1568,One-Year,Fiber Optic,Yes,0
697,Female,48,16,97.72,1563.52,Month-to-Month,Fiber Optic,Yes,1
698,Male,32,10,34.62,346.2,One-Year,Fiber Optic,Yes,1
699,Female,54,2,74.33,148.66,Month-to-Month,DSL,No,1
700,Female,43,40,69.79,2791.6000000000004,Two-Year,Fiber Optic,Yes,0
701,Female,39,3,60.1,180.3,Month-to-Month,Fiber Optic,Yes,1
702,Male,55,7,65.51,458.57000000000005,Month-to-Month,None,No,1
703,Male,37,6,77.69,466.14,Two-Year,Fiber Optic,Yes,1
704,Male,30,41,44.52,1825.3200000000002,One-Year,DSL,Yes,0
705,Male,29,22,81.48,1792.5600000000002,Month-to-Month,Fiber Optic,Yes,1
706,Male,51,31,102.49,3177.19,Month-to-Month,DSL,Yes,1
707,Female,32,5,98.41,492.04999999999995,Two-Year,None,No,1
708,Male,62,19,43.85,833.15,Month-to-Month,Fiber Optic,No,1
709,Male,24,16,43.43,694.88,Two-Year,DSL,Yes,0
710,Female,61,35,54.14,1894.9,Month-to-Month,None,No,1
711,Male,47,47,62.5,2937.5,One-Year,Fiber Optic,Yes,0
712,Female,44,0,66.76,0,Two-Year,DSL,Yes,1
713,Male,39,22,91.17,2005.74,Month-to-Month,Fiber Optic,Yes,1
714,Female,48,1,35.1,35.1,Month-to-Month,DSL,Yes,1
715,Male,44,15,33.12,496.79999999999995,Month-to-Month,None,No,1
716,Male,56,6,65.27,391.62,One-Year,None,No,1
717,Female,46,7,92.74,649.18,One-Year,None,No,1
718,Male,46,8,47.41,379.28,One-Year,Fiber Optic,Yes,1
719,Female,41,19,87.74,1667.06,Month-to-Month,Fiber Optic,Yes,1
720,Male,44,8,53.38,427.04,Month-to-Month,None,No,1
721,Male,48,26,109.75,2853.5,Month-to-Month,DSL,Yes,1
722,Female,27,10,110.61,1106.1,Month-to-Month,Fiber Optic,Yes,1
723,Male,31,1,56.76,56.76,One-Year,Fiber Optic,Yes,1
724,Female,52,30,50.7,1521,Two-Year,DSL,No,1
725,Female,46,6,67.02,402.12,One-Year,Fiber Optic,Yes,1
726,Female,43,11,51.65,568.15,Month-to-Month,None,No,1
727,Female,45,23,90.51,2081.73,Two-Year,None,No,1
728,Male,48,8,104.35,834.8,One-Year,DSL,No,1
729,Male,39,1,90.58,90.58,Two-Year,DSL,Yes,1
730,Male,37,9,104.19,937.71,One-Year,DSL,Yes,1
731,Female,46,57,65.73,3746.61,Month-to-Month,None,No,1
732,Female,35,20,44.07,881.4,Month-to-Month,DSL,No,1
733,Male,49,22,96.42,2121.2400000000002,One-Year,None,No,1
734,Female,27,20,62.44,1248.8,Month-to-Month,DSL,Yes,1
735,Male,55,4,90.41,361.64,Month-to-Month,Fiber Optic,Yes,1
736,Female,49,10,54.36,543.6,One-Year,Fiber Optic,Yes,1
737,Male,47,27,37.31,1007.3700000000001,One-Year,None,No,1
738,Female,54,2,119.33,238.66,One-Year,DSL,Yes,1
739,Female,61,6,44.06,264.36,Month-to-Month,Fiber Optic,Yes,1
740,Male,55,6,118.96,713.76,Month-to-Month,DSL,No,1
741,Male,26,11,117.96,1297.56,One-Year,None,No,1
742,Male,32,78,101.44,7912.32,Two-Year,None,No,1
743,Male,38,1,89.35,89.35,One-Year,DSL,Yes,1
744,Male,45,14,82,1148,Two-Year,None,No,1
745,Female,50,3,107.95,323.85,One-Year,Fiber Optic,No,1
746,Female,37,70,56.05,3923.5,One-Year,DSL,Yes,0
747,Female,46,2,72.09,144.18,Month-to-Month,Fiber Optic,Yes,1
748,Male,37,10,85.75,857.5,One-Year,DSL,Yes,1
749,Female,38,26,67.01,1742.2600000000002,One-Year,None,No,1
750,Female,30,24,68.47,1643.28,One-Year,None,No,1
751,Male,35,10,59.73,597.3,Month-to-Month,DSL,No,1
752,Female,31,8,80.78,646.24,One-Year,Fiber Optic,Yes,1
753,Female,35,10,106.55,1065.5,Month-to-Month,None,No,1
754,Male,55,6,48.14,288.84000000000003,One-Year,None,No,1
755,Male,35,4,114.1,456.4,Month-to-Month,Fiber Optic,No,1
756,Female,71,13,92.02,1196.26,Two-Year,None,No,1
757,Male,49,6,104.09,624.54,Month-to-Month,Fiber Optic,No,1
758,Female,46,6,80.06,480.36,Month-to-Month,Fiber Optic,Yes,1
759,Female,36,21,100.16,2103.36,Month-to-Month,None,No,1
760,Female,52,69,31.46,2170.7400000000002,One-Year,Fiber Optic,Yes,0
761,Male,39,18,103.65,1865.7,Month-to-Month,Fiber Optic,No,1
762,Male,46,1,33.61,33.61,Month-to-Month,Fiber Optic,Yes,1
763,Female,70,1,110.09,110.09,One-Year,None,No,1
764,Female,44,60,119.28,7156.8,Month-to-Month,None,No,1
765,Male,56,7,56.47,395.28999999999996,Two-Year,Fiber Optic,No,1
766,Female,37,1,48.93,48.93,Two-Year,Fiber Optic,Yes,1
767,Female,44,18,98.88,1779.84,One-Year,Fiber Optic,Yes,0
768,Male,62,19,52.77,1002.6300000000001,Month-to-Month,Fiber Optic,No,1
769,Male,38,20,107.9,2158,One-Year,DSL,Yes,1
770,Female,63,6,39.26,235.56,Month-to-Month,None,No,1
771,Male,52,0,41.34,0,Month-to-Month,Fiber Optic,Yes,1
772,Male,39,67,118.12,7914.04,Month-to-Month,Fiber Optic,Yes,1
773,Male,51,5,90.65,453.25,Two-Year,DSL,Yes,1
774,Male,54,22,106.22,2336.84,Month-to-Month,DSL,Yes,1
775,Female,51,24,59.19,1420.56,One-Year,None,No,1
776,Female,29,18,90.88,1635.84,One-Year,Fiber Optic,Yes,0
777,Male,37,7,83.48,584.36,Month-to-Month,DSL,Yes,1
778,Female,42,6,84.28,505.68,Month-to-Month,Fiber Optic,Yes,1
779,Female,44,18,91.43,1645.7400000000002,Two-Year,Fiber Optic,Yes,0
780,Female,51,40,81.78,3271.2,One-Year,DSL,Yes,0
781,Male,46,58,68.62,3979.96,One-Year,Fiber Optic,Yes,0
782,Male,31,2,54.83,109.66,Month-to-Month,Fiber Optic,Yes,1
783,Female,48,3,99.17,297.51,Month-to-Month,Fiber Optic,Yes,1
784,Female,51,57,50.36,2870.52,Month-to-Month,Fiber Optic,No,1
785,Male,50,26,92.31,2400.06,Month-to-Month,Fiber Optic,Yes,1
786,Male,55,42,51,2142,Month-to-Month,None,No,1
787,Male,53,4,86.28,345.12,Two-Year,Fiber Optic,Yes,1
788,Female,49,17,97.24,1653.08,Month-to-Month,DSL,Yes,1
789,Female,44,24,49.68,1192.32,Month-to-Month,DSL,Yes,1
790,Female,28,22,35.39,778.58,One-Year,Fiber Optic,Yes,0
791,Male,49,10,41.79,417.9,One-Year,None,No,1
792,Female,47,0,84.54,0,Month-to-Month,DSL,Yes,1
793,Female,47,17,106.45,1809.65,One-Year,None,No,1
794,Male,32,5,34.05,170.25,Month-to-Month,DSL,Yes,1
795,Female,34,11,96.07,1056.77,Month-to-Month,Fiber Optic,Yes,1
796,Female,55,63,60.72,3825.36,Month-to-Month,None,No,1
797,Male,44,10,73.07,730.6999999999999,Two-Year,Fiber Optic,Yes,1
798,Female,51,36,113.6,4089.6,Month-to-Month,Fiber Optic,Yes,1
799,Male,45,4,59.88,239.52,Month-to-Month,DSL,Yes,1
800,Female,45,22,71.88,1581.36,Month-to-Month,None,No,1
801,Female,54,75,31.23,2342.25,Two-Year,DSL,No,1
802,Female,39,2,37.34,74.68,Month-to-Month,None,No,1
803,Female,45,0,53.27,0,Month-to-Month,DSL,Yes,1
804,Male,40,11,32.51,357.60999999999996,Month-to-Month,None,No,1
805,Female,40,1,86.82,86.82,Month-to-Month,Fiber Optic,Yes,1
806,Female,41,27,68.38,1846.2599999999998,One-Year,None,No,1
807,Male,47,49,79.33,3887.17,One-Year,Fiber Optic,No,1
808,Female,40,11,45.72,502.91999999999996,Month-to-Month,None,No,1
809,Female,57,5,56.63,283.15000000000003,Month-to-Month,DSL,Yes,1
810,Male,36,11,89.74,987.14,Month-to-Month,DSL,Yes,1
811,Female,43,25,116.88,2922,Month-to-Month,Fiber Optic,Yes,1
812,Female,40,0,34.54,0,Month-to-Month,DSL,Yes,1
813,Male,59,17,110.13,1872.21,One-Year,DSL,No,1
814,Female,46,19,81.92,1556.48,Two-Year,None,No,1
815,Male,55,20,80.75,1615,Two-Year,None,No,1
816,Male,30,5,75.03,375.15,Two-Year,Fiber Optic,No,1
817,Male,47,25,36.25,906.25,One-Year,None,No,1
818,Female,53,1,38.09,38.09,One-Year,Fiber Optic,Yes,1
819,Female,45,4,84.08,336.32,Month-to-Month,DSL,Yes,1
820,Male,55,41,60.69,2488.29,One-Year,None,No,1
821,Male,39,26,112.55,2926.2999999999997,Month-to-Month,Fiber Optic,No,1
822,Female,59,0,66.59,0,Month-to-Month,None,No,1
823,Male,67,5,42.9,214.5,One-Year,DSL,Yes,1
824,Female,41,4,94.32,377.28,Month-to-Month,Fiber Optic,Yes,1
825,Female,40,6,56.4,338.4,Month-to-Month,DSL,No,1
826,Female,59,5,77.29,386.45000000000005,Two-Year,DSL,Yes,1
827,Female,60,1,92.8,92.8,Month-to-Month,DSL,Yes,1
828,Male,39,12,111.02,1332.24,Month-to-Month,None,No,1
829,Female,40,26,101.3,2633.7999999999997,Two-Year,None,No,1
830,Female,42,18,90.87,1635.66,One-Year,None,No,1
831,Female,31,22,91.17,2005.74,One-Year,Fiber Optic,Yes,0
832,Male,35,1,115.13,115.13,Month-to-Month,Fiber Optic,Yes,1
833,Female,34,60,56.62,3397.2,Month-to-Month,DSL,Yes,1
834,Male,37,36,30.1,1083.6000000000001,Two-Year,DSL,No,1
835,Male,44,32,54.48,1743.36,One-Year,Fiber Optic,Yes,0
836,Male,47,34,49.61,1686.74,One-Year,None,No,1
837,Female,60,53,89.57,4747.21,Month-to-Month,Fiber Optic,Yes,1
838,Female,35,15,87.03,1305.45,Month-to-Month,DSL,Yes,1
839,Female,54,4,83.41,333.64,Two-Year,DSL,Yes,1
840,Female,42,19,31.46,597.74,Month-to-Month,DSL,No,1
841,Male,44,27,95.59,2580.9300000000003,One-Year,Fiber Optic,No,1
842,Female,51,26,59.12,1537.12,Month-to-Month,None,No,1
843,Male,33,14,89.86,1258.04,One-Year,Fiber Optic,Yes,0
844,Female,48,1,80.09,80.09,Two-Year,None,No,1
845,Female,46,9,60.85,547.65,One-Year,Fiber Optic,No,1
846,Female,49,50,42.11,2105.5,Month-to-Month,Fiber Optic,Yes,1
847,Female,47,17,38.5,654.5,One-Year,DSL,No,1
848,Male,69,15,104.84,1572.6000000000001,One-Year,None,No,1
849,Male,38,6,112.66,675.96,Month-to-Month,None,No,1
850,Female,39,9,88.48,796.32,Two-Year,DSL,No,1
851,Male,38,45,39.31,1768.95,One-Year,Fiber Optic,No,1
852,Male,39,21,66.18,1389.7800000000002,Two-Year,Fiber Optic,Yes,0
853,Female,38,30,95.6,2868,One-Year,Fiber Optic,Yes,0
854,Female,56,12,100.18,1202.16,Month-to-Month,None,No,1
855,Male,59,19,40.64,772.16,Month-to-Month,Fiber Optic,No,1
856,Male,39,5,30,150,Month-to-Month,Fiber Optic,Yes,1
857,Female,36,24,94.09,2258.16,Two-Year,DSL,No,1
858,Female,49,11,62.09,682.99,One-Year,DSL,No,1
859,Male,39,11,52.9,581.9,One-Year,DSL,Yes,1
860,Male,51,20,31.16,623.2,Month-to-Month,DSL,No,1
861,Male,47,55,78.63,4324.65,Month-to-Month,None,No,1
862,Male,29,1,106.6,106.6,One-Year,None,No,1
863,Male,60,34,116.19,3950.46,Month-to-Month,DSL,Yes,1
864,Female,62,6,80.92,485.52,Month-to-Month,None,No,1
865,Female,38,11,76.3,839.3,One-Year,DSL,No,1
866,Female,41,0,37.66,0,Month-to-Month,Fiber Optic,Yes,1
867,Male,47,7,79.4,555.8000000000001,Month-to-Month,DSL,Yes,1
868,Female,48,13,64.2,834.6,Month-to-Month,Fiber Optic,Yes,1
869,Male,51,1,84.64,84.64,Month-to-Month,DSL,No,1
870,Female,65,13,64.99,844.8699999999999,Two-Year,Fiber Optic,Yes,0
871,Female,43,52,51.63,2684.76,Month-to-Month,Fiber Optic,No,1
872,Male,37,2,38.55,77.1,Month-to-Month,None,No,1
873,Female,31,28,58.34,1633.52,Month-to-Month,DSL,Yes,1
874,Male,37,10,38.7,387,One-Year,DSL,Yes,1
875,Female,44,21,45.92,964.32,Month-to-Month,DSL,Yes,1
876,Male,62,6,118.86,713.16,One-Year,Fiber Optic,No,1
877,Male,39,3,69.97,209.91,Month-to-Month,DSL,Yes,1
878,Female,47,3,77.87,233.61,Month-to-Month,None,No,1
879,Male,44,1,108.63,108.63,Month-to-Month,Fiber Optic,Yes,1
880,Female,56,4,119.6,478.4,Two-Year,Fiber Optic,Yes,1
881,Male,70,21,82.44,1731.24,Two-Year,Fiber Optic,No,1
882,Female,39,42,103.12,4331.04,Month-to-Month,DSL,No,1
883,Female,40,33,59.42,1960.8600000000001,One-Year,DSL,Yes,0
884,Female,55,23,57.52,1322.96,Two-Year,Fiber Optic,Yes,0
885,Male,51,2,66.24,132.48,Month-to-Month,Fiber Optic,Yes,1
886,Male,63,6,90.53,543.1800000000001,Two-Year,DSL,Yes,1
887,Male,50,7,91.4,639.8000000000001,Month-to-Month,DSL,No,1
888,Male,41,5,58.37,291.84999999999997,Two-Year,None,No,1
889,Female,50,14,41.99,587.86,One-Year,DSL,Yes,0
890,Female,56,15,86.92,1303.8,Two-Year,None,No,1
891,Female,53,8,41.55,332.4,One-Year,None,No,1
892,Female,50,8,82.06,656.48,Month-to-Month,DSL,Yes,1
893,Female,55,35,92.41,3234.35,Two-Year,DSL,Yes,0
894,Female,56,31,93.06,2884.86,Month-to-Month,DSL,Yes,1
895,Male,58,7,97.81,684.6700000000001,Month-to-Month,Fiber Optic,Yes,1
896,Female,51,49,108.56,5319.4400000000005,One-Year,Fiber Optic,Yes,1
897,Female,43,61,75,4575,One-Year,None,No,1
898,Female,46,7,95.72,670.04,Two-Year,None,No,1
899,Male,57,8,85.73,685.84,Month-to-Month,Fiber Optic,No,1
900,Male,36,14,46.8,655.1999999999999,One-Year,DSL,Yes,0
901,Male,48,56,32.31,1809.3600000000001,One-Year,DSL,Yes,0
902,Female,41,41,55.61,2280.0099999999998,Month-to-Month,None,No,1
903,Female,45,2,69.87,139.74,Month-to-Month,DSL,No,1
904,Male,57,9,85.54,769.86,Month-to-Month,DSL,No,1
905,Female,46,16,106.5,1704,Month-to-Month,None,No,1
906,Male,45,13,47.66,619.5799999999999,Two-Year,Fiber Optic,Yes,0
907,Male,31,4,41.3,165.2,One-Year,None,No,1
908,Male,52,39,116.71,4551.69,One-Year,Fiber Optic,Yes,1
909,Female,51,22,39.72,873.8399999999999,Two-Year,DSL,No,1
910,Female,66,36,73.06,2630.16,Month-to-Month,None,No,1
911,Male,41,39,82.7,3225.3,Two-Year,DSL,Yes,0
912,Female,47,27,78.72,2125.44,Month-to-Month,Fiber Optic,Yes,1
913,Male,47,11,37.74,415.14000000000004,Two-Year,Fiber Optic,Yes,1
914,Female,60,18,35.13,632.34,Month-to-Month,DSL,No,1
915,Female,44,3,39.49,118.47,Two-Year,Fiber Optic,Yes,1
916,Female,47,22,82.7,1819.4,Month-to-Month,DSL,Yes,1
917,Male,51,3,78.99,236.96999999999997,Month-to-Month,Fiber Optic,Yes,1
918,Female,46,23,51.04,1173.92,One-Year,Fiber Optic,Yes,0
919,Female,40,5,87.4,437,Month-to-Month,None,No,1
920,Male,46,2,103.81,207.62,One-Year,None,No,1
921,Female,55,3,33.74,101.22,Month-to-Month,DSL,Yes,1
922,Male,34,0,74.83,0,One-Year,Fiber Optic,No,1
923,Female,46,25,92.04,2301,Month-to-Month,Fiber Optic,No,1
924,Male,37,26,52.71,1370.46,Month-to-Month,DSL,No,1
925,Female,56,14,57.7,807.8000000000001,Month-to-Month,None,No,1
926,Female,29,3,85.23,255.69,Month-to-Month,None,No,1
927,Male,39,1,110.81,110.81,Month-to-Month,DSL,Yes,1
928,Male,48,0,102.89,0,Month-to-Month,Fiber Optic,Yes,1
929,Male,60,3,82.48,247.44,Month-to-Month,DSL,No,1
930,Male,44,44,95.72,4211.68,Month-to-Month,Fiber Optic,No,1
931,Male,39,5,62.83,314.15,One-Year,DSL,No,1
932,Female,63,8,87.69,701.52,Two-Year,None,No,1
933,Male,30,2,71.96,143.92,Month-to-Month,None,No,1
934,Male,23,5,47.09,235.45000000000002,One-Year,Fiber Optic,Yes,1
935,Female,49,14,93.16,1304.24,One-Year,Fiber Optic,Yes,0
936,Male,39,18,80.08,1441.44,Month-to-Month,None,No,1
937,Female,34,5,62.28,311.4,One-Year,Fiber Optic,Yes,1
938,Female,52,1,112.02,112.02,Month-to-Month,DSL,Yes,1
939,Female,47,9,31.88,286.92,One-Year,Fiber Optic,Yes,1
940,Female,39,5,58.42,292.1,Month-to-Month,None,No,1
941,Female,32,4,35.12,140.48,One-Year,Fiber Optic,Yes,1
942,Male,53,64,98.99,6335.36,One-Year,Fiber Optic,No,1
943,Male,51,19,93.19,1770.61,Month-to-Month,None,No,1
944,Male,44,16,59.82,957.12,Month-to-Month,None,No,1
945,Female,63,10,90.81,908.1,Two-Year,None,No,1
946,Male,34,11,65.63,721.93,Month-to-Month,DSL,No,1
947,Female,29,15,98.06,1470.9,One-Year,Fiber Optic,Yes,0
948,Female,38,23,70.88,1630.2399999999998,Two-Year,None,No,1
949,Female,44,24,67.11,1610.6399999999999,One-Year,None,No,1
950,Female,47,3,114.13,342.39,One-Year,Fiber Optic,Yes,1
951,Male,42,13,52.58,683.54,One-Year,DSL,Yes,0
952,Female,48,10,40.84,408.40000000000003,Two-Year,None,No,1
953,Female,32,40,82.61,3304.4,Month-to-Month,None,No,1
954,Male,59,19,117.24,2227.56,Month-to-Month,DSL,No,1
955,Male,44,15,64.01,960.1500000000001,Month-to-Month,Fiber Optic,No,1
956,Female,56,2,35.58,71.16,Two-Year,DSL,No,1
957,Female,48,18,60.54,1089.72,One-Year,Fiber Optic,Yes,0
958,Female,49,2,75.53,151.06,Month-to-Month,DSL,No,1
959,Female,50,8,44.57,356.56,Two-Year,Fiber Optic,Yes,1
960,Female,49,3,89.23,267.69,Month-to-Month,Fiber Optic,Yes,1
961,Female,51,23,119.8,2755.4,Month-to-Month,Fiber Optic,Yes,1
962,Male,58,4,70.66,282.64,One-Year,Fiber Optic,Yes,1
963,Male,46,9,61.93,557.37,Month-to-Month,None,No,1
964,Male,52,45,66.06,2972.7000000000003,Two-Year,DSL,Yes,0
965,Female,44,4,40.36,161.44,Month-to-Month,DSL,Yes,1
966,Female,59,14,109.49,1532.86,Two-Year,None,No,1
967,Female,38,10,67.33,673.3,One-Year,DSL,Yes,1
968,Male,63,0,64.85,0,Month-to-Month,None,No,1
969,Female,44,31,89.37,2770.4700000000003,Two-Year,None,No,1
970,Female,30,1,69.78,69.78,One-Year,Fiber Optic,Yes,1
971,Female,46,12,88.34,1060.08,Month-to-Month,None,No,1
972,Female,38,16,35.53,568.48,Month-to-Month,DSL,Yes,1
973,Male,53,19,103.24,1961.56,Two-Year,Fiber Optic,Yes,1
974,Female,38,23,114.65,2636.9500000000003,Month-to-Month,Fiber Optic,Yes,1
975,Male,40,5,88.39,441.95,Month-to-Month,Fiber Optic,Yes,1
976,Male,26,0,115.91,0,Month-to-Month,None,No,1
977,Female,40,25,43.63,1090.75,Month-to-Month,DSL,Yes,1
978,Female,20,15,72.97,1094.55,One-Year,Fiber Optic,Yes,0
979,Female,29,36,84.16,3029.7599999999998,Month-to-Month,Fiber Optic,Yes,1
980,Female,52,34,82.36,2800.24,Month-to-Month,Fiber Optic,No,1
981,Female,52,37,66.13,2446.81,Month-to-Month,DSL,Yes,1
982,Female,49,13,60.43,785.59,Month-to-Month,Fiber Optic,Yes,1
983,Female,35,8,41.41,331.28,Two-Year,None,No,1
984,Male,44,31,65.26,2023.0600000000002,Month-to-Month,DSL,Yes,1
985,Male,44,12,44.64,535.6800000000001,Two-Year,None,No,1
986,Male,33,4,96.09,384.36,Month-to-Month,Fiber Optic,Yes,1
987,Male,60,38,48.79,1854.02,Month-to-Month,None,No,1
988,Male,53,42,35.27,1481.3400000000001,Two-Year,None,No,1
989,Male,42,12,79.71,956.52,Month-to-Month,DSL,Yes,1
990,Male,45,1,83.57,83.57,One-Year,Fiber Optic,Yes,1
991,Female,47,9,108.47,976.23,Two-Year,None,No,1
992,Male,24,32,81.93,2621.76,Month-to-Month,Fiber Optic,Yes,1
993,Female,42,46,61.09,2810.1400000000003,Month-to-Month,None,No,1
994,Male,38,4,102.27,409.08,One-Year,Fiber Optic,No,1
995,Female,34,1,78.63,78.63,Month-to-Month,DSL,No,1
996,Male,42,41,37.14,1522.74,Month-to-Month,Fiber Optic,Yes,1
997,Male,62,9,80.93,728.3700000000001,Month-to-Month,None,No,1
998,Female,51,15,111.72,1675.8,Month-to-Month,Fiber Optic,Yes,1
999,Male,39,68,65.67,4465.56,One-Year,None,No,1
1000,Male,50,1,56.67,56.67,Month-to-Month,None,No,1
